"","id","sd","ip"
"1",1,1,87.5
"2",1,5,87.5
"3",1,20,52.5
"4",1,50,12.5
"5",1,100,7.5
"6",2,1,87.5
"7",2,5,87.5
"8",2,20,2.5
"9",2,50,2.5
"10",2,100,87.5
"11",3,1,87.5
"12",3,5,87.5
"13",3,20,2.5
"14",3,50,7.5
"15",3,100,7.5
"16",4,1,72.5
"17",4,5,72.5
"18",4,20,32.5
"19",4,50,22.5
"20",4,100,-17.5
"21",5,1,67.5
"22",5,5,67.5
"23",5,20,22.5
"24",5,50,2.5
"25",5,100,2.5
"26",6,1,87.5
"27",6,5,62.5
"28",6,20,37.5
"29",6,50,22.5
"30",6,100,22.5
"31",7,1,87.5
"32",7,5,82.5
"33",7,20,-17.5
"34",7,50,-17.5
"35",7,100,-17.5
"36",8,1,47.5
"37",8,5,27.5
"38",8,20,42.5
"39",8,50,7.5
"40",8,100,7.5
"41",9,1,87.5
"42",9,5,82.5
"43",9,20,87.5
"44",9,50,NA
"45",9,100,7.5
"46",10,1,87.5
"47",10,5,NA
"48",10,20,42.5
"49",10,50,17.5
"50",10,100,12.5
"51",11,1,87.5
"52",11,5,82.5
"53",11,20,42.5
"54",11,50,42.5
"55",11,100,-17.5
"56",12,1,2.5
"57",12,5,12.5
"58",12,20,2.5
"59",12,50,-2.5
"60",12,100,17.5
"61",13,1,52.5
"62",13,5,52.5
"63",13,20,-17.5
"64",13,50,-17.5
"65",13,100,-17.5
"66",14,1,72.5
"67",14,5,52.5
"68",14,20,62.5
"69",14,50,52.5
"70",14,100,2.5
"71",15,1,67.5
"72",15,5,67.5
"73",15,20,37.5
"74",15,50,NA
"75",15,100,22.5
"76",16,1,67.5
"77",16,5,67.5
"78",16,20,12.5
"79",16,50,12.5
"80",16,100,12.5
"81",17,1,87.5
"82",17,5,87.5
"83",17,20,42.5
"84",17,50,12.5
"85",17,100,22.5
"86",18,1,67.5
"87",18,5,67.5
"88",18,20,22.5
"89",18,50,37.5
"90",18,100,2.5
"91",19,1,87.5
"92",19,5,12.5
"93",19,20,2.5
"94",19,50,17.5
"95",19,100,2.5
"96",20,1,12.5
"97",20,5,12.5
"98",20,20,2.5
"99",20,50,2.5
"100",20,100,2.5
"101",21,1,82.5
"102",21,5,82.5
"103",21,20,82.5
"104",21,50,2.5
"105",21,100,-12.5
"106",22,1,67.5
"107",22,5,NA
"108",22,20,37.5
"109",22,50,17.5
"110",22,100,2.5
"111",23,1,87.5
"112",23,5,72.5
"113",23,20,22.5
"114",23,50,37.5
"115",23,100,-17.5
"116",24,1,67.5
"117",24,5,32.5
"118",24,20,42.5
"119",24,50,22.5
"120",24,100,2.5
"121",25,1,87.5
"122",25,5,87.5
"123",25,20,12.5
"124",25,50,17.5
"125",25,100,17.5
"126",26,1,62.5
"127",26,5,62.5
"128",26,20,62.5
"129",26,50,17.5
"130",26,100,2.5
"131",27,1,72.5
"132",27,5,12.5
"133",27,20,17.5
"134",27,50,17.5
"135",27,100,2.5
"136",28,1,87.5
"137",28,5,-17.5
"138",28,20,-17.5
"139",28,50,22.5
"140",28,100,37.5
"141",29,1,82.5
"142",29,5,37.5
"143",29,20,2.5
"144",29,50,NA
"145",29,100,2.5
"146",30,1,2.5
"147",30,5,2.5
"148",30,20,32.5
"149",30,50,-17.5
"150",30,100,-17.5
"151",31,1,87.5
"152",31,5,87.5
"153",31,20,87.5
"154",31,50,37.5
"155",31,100,22.5
"156",32,1,82.5
"157",32,5,82.5
"158",32,20,-17.5
"159",32,50,-17.5
"160",32,100,-17.5
"161",33,1,NA
"162",33,5,32.5
"163",33,20,12.5
"164",33,50,NA
"165",33,100,2.5
"166",34,1,72.5
"167",34,5,2.5
"168",34,20,72.5
"169",34,50,22.5
"170",34,100,17.5
"171",35,1,87.5
"172",35,5,87.5
"173",35,20,87.5
"174",35,50,12.5
"175",35,100,12.5
"176",36,1,52.5
"177",36,5,2.5
"178",36,20,2.5
"179",36,50,2.5
"180",36,100,-12.5
"181",37,1,67.5
"182",37,5,2.5
"183",37,20,2.5
"184",37,50,2.5
"185",37,100,2.5
"186",38,1,42.5
"187",38,5,87.5
"188",38,20,62.5
"189",38,50,42.5
"190",38,100,37.5
"191",39,1,77.5
"192",39,5,37.5
"193",39,20,-17.5
"194",39,50,-17.5
"195",39,100,-17.5
"196",40,1,67.5
"197",40,5,NA
"198",40,20,22.5
"199",40,50,-17.5
"200",40,100,-17.5
"201",41,1,87.5
"202",41,5,82.5
"203",41,20,NA
"204",41,50,2.5
"205",41,100,22.5
"206",42,1,72.5
"207",42,5,72.5
"208",42,20,7.5
"209",42,50,22.5
"210",42,100,37.5
"211",43,1,72.5
"212",43,5,82.5
"213",43,20,12.5
"214",43,50,-17.5
"215",43,100,-17.5
"216",44,1,67.5
"217",44,5,42.5
"218",44,20,7.5
"219",44,50,22.5
"220",44,100,2.5
"221",45,1,7.5
"222",45,5,NA
"223",45,20,2.5
"224",45,50,2.5
"225",45,100,2.5
"226",46,1,87.5
"227",46,5,57.5
"228",46,20,2.5
"229",46,50,NA
"230",46,100,22.5
"231",47,1,67.5
"232",47,5,87.5
"233",47,20,87.5
"234",47,50,87.5
"235",47,100,-17.5
"236",48,1,67.5
"237",48,5,2.5
"238",48,20,2.5
"239",48,50,2.5
"240",48,100,2.5
"241",49,1,87.5
"242",49,5,87.5
"243",49,20,87.5
"244",49,50,-17.5
"245",49,100,-17.5
"246",50,1,82.5
"247",50,5,87.5
"248",50,20,17.5
"249",50,50,17.5
"250",50,100,-17.5
"251",51,1,87.5
"252",51,5,22.5
"253",51,20,22.5
"254",51,50,37.5
"255",51,100,-17.5
"256",52,1,67.5
"257",52,5,67.5
"258",52,20,12.5
"259",52,50,-17.5
"260",52,100,-17.5
"261",53,1,87.5
"262",53,5,72.5
"263",53,20,32.5
"264",53,50,17.5
"265",53,100,17.5
"266",54,1,87.5
"267",54,5,72.5
"268",54,20,67.5
"269",54,50,42.5
"270",54,100,37.5
"271",55,1,82.5
"272",55,5,82.5
"273",55,20,77.5
"274",55,50,-17.5
"275",55,100,-17.5
"276",56,1,67.5
"277",56,5,67.5
"278",56,20,2.5
"279",56,50,2.5
"280",56,100,2.5
"281",57,1,52.5
"282",57,5,52.5
"283",57,20,52.5
"284",57,50,12.5
"285",57,100,12.5
"286",58,1,82.5
"287",58,5,82.5
"288",58,20,27.5
"289",58,50,42.5
"290",58,100,12.5
"291",59,1,77.5
"292",59,5,77.5
"293",59,20,57.5
"294",59,50,2.5
"295",59,100,2.5
"296",60,1,12.5
"297",60,5,47.5
"298",60,20,37.5
"299",60,50,12.5
"300",60,100,17.5
"301",61,1,67.5
"302",61,5,32.5
"303",61,20,2.5
"304",61,50,2.5
"305",61,100,2.5
"306",62,1,82.5
"307",62,5,NA
"308",62,20,-2.5
"309",62,50,-2.5
"310",62,100,2.5
"311",63,1,87.5
"312",63,5,87.5
"313",63,20,37.5
"314",63,50,12.5
"315",63,100,7.5
"316",64,1,72.5
"317",64,5,12.5
"318",64,20,37.5
"319",64,50,12.5
"320",64,100,-17.5
"321",65,1,87.5
"322",65,5,-17.5
"323",65,20,-17.5
"324",65,50,-17.5
"325",65,100,-17.5
"326",66,1,87.5
"327",66,5,62.5
"328",66,20,17.5
"329",66,50,-17.5
"330",66,100,-17.5
"331",67,1,72.5
"332",67,5,87.5
"333",67,20,72.5
"334",67,50,17.5
"335",67,100,2.5
"336",68,1,67.5
"337",68,5,22.5
"338",68,20,72.5
"339",68,50,62.5
"340",68,100,-17.5
"341",69,1,57.5
"342",69,5,77.5
"343",69,20,57.5
"344",69,50,57.5
"345",69,100,37.5
"346",70,1,87.5
"347",70,5,82.5
"348",70,20,2.5
"349",70,50,17.5
"350",70,100,-17.5
"351",71,1,87.5
"352",71,5,52.5
"353",71,20,17.5
"354",71,50,2.5
"355",71,100,-2.5
"356",72,1,82.5
"357",72,5,82.5
"358",72,20,7.5
"359",72,50,2.5
"360",72,100,-17.5
"361",73,1,67.5
"362",73,5,67.5
"363",73,20,67.5
"364",73,50,2.5
"365",73,100,2.5
"366",74,1,67.5
"367",74,5,67.5
"368",74,20,32.5
"369",74,50,12.5
"370",74,100,17.5
"371",75,1,67.5
"372",75,5,67.5
"373",75,20,17.5
"374",75,50,17.5
"375",75,100,17.5
"376",76,1,72.5
"377",76,5,87.5
"378",76,20,87.5
"379",76,50,87.5
"380",76,100,82.5
"381",77,1,72.5
"382",77,5,47.5
"383",77,20,2.5
"384",77,50,2.5
"385",77,100,-17.5
"386",78,1,67.5
"387",78,5,87.5
"388",78,20,32.5
"389",78,50,12.5
"390",78,100,-17.5
"391",79,1,67.5
"392",79,5,22.5
"393",79,20,22.5
"394",79,50,2.5
"395",79,100,-2.5
"396",80,1,87.5
"397",80,5,7.5
"398",80,20,2.5
"399",80,50,2.5
"400",80,100,2.5
"401",81,1,67.5
"402",81,5,67.5
"403",81,20,37.5
"404",81,50,NA
"405",81,100,37.5
"406",82,1,67.5
"407",82,5,22.5
"408",82,20,17.5
"409",82,50,17.5
"410",82,100,17.5
"411",83,1,67.5
"412",83,5,67.5
"413",83,20,67.5
"414",83,50,37.5
"415",83,100,-17.5
"416",84,1,67.5
"417",84,5,67.5
"418",84,20,-17.5
"419",84,50,-17.5
"420",84,100,-17.5
"421",85,1,42.5
"422",85,5,22.5
"423",85,20,22.5
"424",85,50,22.5
"425",85,100,22.5
"426",86,1,82.5
"427",86,5,27.5
"428",86,20,22.5
"429",86,50,-17.5
"430",86,100,-17.5
"431",87,1,67.5
"432",87,5,57.5
"433",87,20,82.5
"434",87,50,2.5
"435",87,100,2.5
"436",88,1,87.5
"437",88,5,87.5
"438",88,20,12.5
"439",88,50,12.5
"440",88,100,22.5
"441",89,1,67.5
"442",89,5,47.5
"443",89,20,12.5
"444",89,50,42.5
"445",89,100,22.5
"446",90,1,82.5
"447",90,5,82.5
"448",90,20,87.5
"449",90,50,7.5
"450",90,100,22.5
"451",91,1,87.5
"452",91,5,-17.5
"453",91,20,-17.5
"454",91,50,-17.5
"455",91,100,-17.5
"456",92,1,67.5
"457",92,5,67.5
"458",92,20,67.5
"459",92,50,62.5
"460",92,100,42.5
"461",93,1,87.5
"462",93,5,87.5
"463",93,20,87.5
"464",93,50,42.5
"465",93,100,57.5
"466",94,1,67.5
"467",94,5,67.5
"468",94,20,37.5
"469",94,50,37.5
"470",94,100,37.5
"471",95,1,82.5
"472",95,5,22.5
"473",95,20,7.5
"474",95,50,17.5
"475",95,100,-17.5
"476",96,1,62.5
"477",96,5,57.5
"478",96,20,42.5
"479",96,50,37.5
"480",96,100,17.5
"481",97,1,67.5
"482",97,5,37.5
"483",97,20,12.5
"484",97,50,NA
"485",97,100,2.5
"486",98,1,82.5
"487",98,5,77.5
"488",98,20,2.5
"489",98,50,2.5
"490",98,100,2.5
"491",99,1,67.5
"492",99,5,67.5
"493",99,20,67.5
"494",99,50,2.5
"495",99,100,-17.5
"496",100,1,2.5
"497",100,5,67.5
"498",100,20,67.5
"499",100,50,22.5
"500",100,100,2.5
"501",101,1,82.5
"502",101,5,37.5
"503",101,20,17.5
"504",101,50,2.5
"505",101,100,2.5
"506",102,1,67.5
"507",102,5,67.5
"508",102,20,67.5
"509",102,50,57.5
"510",102,100,-17.5
"511",103,1,67.5
"512",103,5,67.5
"513",103,20,87.5
"514",103,50,22.5
"515",103,100,2.5
"516",104,1,87.5
"517",104,5,87.5
"518",104,20,87.5
"519",104,50,82.5
"520",104,100,87.5
"521",105,1,87.5
"522",105,5,72.5
"523",105,20,82.5
"524",105,50,32.5
"525",105,100,-17.5
"526",106,1,87.5
"527",106,5,12.5
"528",106,20,NA
"529",106,50,17.5
"530",106,100,-17.5
"531",107,1,87.5
"532",107,5,42.5
"533",107,20,12.5
"534",107,50,7.5
"535",107,100,-17.5
"536",108,1,72.5
"537",108,5,72.5
"538",108,20,87.5
"539",108,50,87.5
"540",108,100,62.5
"541",109,1,77.5
"542",109,5,47.5
"543",109,20,22.5
"544",109,50,22.5
"545",109,100,22.5
"546",110,1,77.5
"547",110,5,87.5
"548",110,20,42.5
"549",110,50,7.5
"550",110,100,-17.5
"551",111,1,72.5
"552",111,5,72.5
"553",111,20,77.5
"554",111,50,32.5
"555",111,100,37.5
"556",112,1,67.5
"557",112,5,27.5
"558",112,20,12.5
"559",112,50,-17.5
"560",112,100,-17.5
"561",113,1,67.5
"562",113,5,67.5
"563",113,20,87.5
"564",113,50,72.5
"565",113,100,-17.5
"566",114,1,87.5
"567",114,5,87.5
"568",114,20,-17.5
"569",114,50,-17.5
"570",114,100,-17.5
"571",115,1,87.5
"572",115,5,87.5
"573",115,20,82.5
"574",115,50,42.5
"575",115,100,-17.5
"576",116,1,87.5
"577",116,5,52.5
"578",116,20,87.5
"579",116,50,17.5
"580",116,100,2.5
"581",117,1,82.5
"582",117,5,82.5
"583",117,20,77.5
"584",117,50,-7.5
"585",117,100,17.5
"586",118,1,32.5
"587",118,5,42.5
"588",118,20,-17.5
"589",118,50,-17.5
"590",118,100,-17.5
"591",119,1,67.5
"592",119,5,87.5
"593",119,20,-17.5
"594",119,50,-17.5
"595",119,100,-17.5
"596",120,1,67.5
"597",120,5,67.5
"598",120,20,-12.5
"599",120,50,-17.5
"600",120,100,-17.5
"601",121,1,87.5
"602",121,5,87.5
"603",121,20,NA
"604",121,50,22.5
"605",121,100,-17.5
"606",122,1,87.5
"607",122,5,87.5
"608",122,20,87.5
"609",122,50,37.5
"610",122,100,37.5
"611",123,1,87.5
"612",123,5,87.5
"613",123,20,-17.5
"614",123,50,-17.5
"615",123,100,-17.5
"616",124,1,87.5
"617",124,5,87.5
"618",124,20,87.5
"619",124,50,-17.5
"620",124,100,-17.5
"621",125,1,67.5
"622",125,5,67.5
"623",125,20,87.5
"624",125,50,87.5
"625",125,100,87.5
"626",126,1,72.5
"627",126,5,-12.5
"628",126,20,-17.5
"629",126,50,-17.5
"630",126,100,-17.5
"631",127,1,67.5
"632",127,5,67.5
"633",127,20,67.5
"634",127,50,67.5
"635",127,100,-17.5
"636",128,1,87.5
"637",128,5,-7.5
"638",128,20,2.5
"639",128,50,2.5
"640",128,100,2.5
"641",129,1,67.5
"642",129,5,77.5
"643",129,20,37.5
"644",129,50,17.5
"645",129,100,17.5
"646",130,1,57.5
"647",130,5,87.5
"648",130,20,77.5
"649",130,50,17.5
"650",130,100,17.5
"651",131,1,87.5
"652",131,5,87.5
"653",131,20,-17.5
"654",131,50,-17.5
"655",131,100,2.5
"656",132,1,87.5
"657",132,5,87.5
"658",132,20,32.5
"659",132,50,2.5
"660",132,100,-17.5
"661",133,1,87.5
"662",133,5,12.5
"663",133,20,87.5
"664",133,50,17.5
"665",133,100,22.5
"666",134,1,87.5
"667",134,5,52.5
"668",134,20,22.5
"669",134,50,17.5
"670",134,100,2.5
"671",135,1,87.5
"672",135,5,87.5
"673",135,20,57.5
"674",135,50,2.5
"675",135,100,17.5
"676",136,1,87.5
"677",136,5,62.5
"678",136,20,27.5
"679",136,50,-17.5
"680",136,100,-17.5
"681",137,1,87.5
"682",137,5,27.5
"683",137,20,52.5
"684",137,50,52.5
"685",137,100,22.5
"686",138,1,82.5
"687",138,5,42.5
"688",138,20,17.5
"689",138,50,2.5
"690",138,100,2.5
"691",139,1,87.5
"692",139,5,12.5
"693",139,20,22.5
"694",139,50,17.5
"695",139,100,22.5
"696",140,1,52.5
"697",140,5,-17.5
"698",140,20,-17.5
"699",140,50,-17.5
"700",140,100,-17.5
"701",141,1,72.5
"702",141,5,67.5
"703",141,20,72.5
"704",141,50,2.5
"705",141,100,-2.5
"706",142,1,82.5
"707",142,5,67.5
"708",142,20,32.5
"709",142,50,22.5
"710",142,100,17.5
"711",143,1,87.5
"712",143,5,87.5
"713",143,20,87.5
"714",143,50,-17.5
"715",143,100,-17.5
"716",144,1,67.5
"717",144,5,NA
"718",144,20,2.5
"719",144,50,2.5
"720",144,100,2.5
"721",145,1,67.5
"722",145,5,27.5
"723",145,20,87.5
"724",145,50,-12.5
"725",145,100,17.5
"726",146,1,67.5
"727",146,5,67.5
"728",146,20,67.5
"729",146,50,67.5
"730",146,100,2.5
"731",147,1,87.5
"732",147,5,87.5
"733",147,20,87.5
"734",147,50,12.5
"735",147,100,2.5
"736",148,1,87.5
"737",148,5,87.5
"738",148,20,-17.5
"739",148,50,-17.5
"740",148,100,-17.5
"741",149,1,87.5
"742",149,5,87.5
"743",149,20,87.5
"744",149,50,87.5
"745",149,100,-17.5
"746",150,1,87.5
"747",150,5,87.5
"748",150,20,87.5
"749",150,50,12.5
"750",150,100,-7.5
"751",151,1,67.5
"752",151,5,57.5
"753",151,20,37.5
"754",151,50,22.5
"755",151,100,2.5
"756",152,1,87.5
"757",152,5,-7.5
"758",152,20,2.5
"759",152,50,87.5
"760",152,100,-17.5
"761",153,1,82.5
"762",153,5,82.5
"763",153,20,82.5
"764",153,50,82.5
"765",153,100,-17.5
"766",154,1,72.5
"767",154,5,32.5
"768",154,20,27.5
"769",154,50,2.5
"770",154,100,17.5
"771",155,1,87.5
"772",155,5,87.5
"773",155,20,-17.5
"774",155,50,-17.5
"775",155,100,-17.5
"776",156,1,67.5
"777",156,5,67.5
"778",156,20,67.5
"779",156,50,67.5
"780",156,100,22.5
"781",157,1,87.5
"782",157,5,87.5
"783",157,20,37.5
"784",157,50,-17.5
"785",157,100,-17.5
"786",158,1,72.5
"787",158,5,-17.5
"788",158,20,-17.5
"789",158,50,-17.5
"790",158,100,-17.5
"791",159,1,67.5
"792",159,5,67.5
"793",159,20,-17.5
"794",159,50,-17.5
"795",159,100,-17.5
"796",160,1,87.5
"797",160,5,87.5
"798",160,20,87.5
"799",160,50,-17.5
"800",160,100,-17.5
"801",161,1,87.5
"802",161,5,87.5
"803",161,20,-17.5
"804",161,50,-17.5
"805",161,100,-17.5
"806",162,1,17.5
"807",162,5,37.5
"808",162,20,22.5
"809",162,50,-17.5
"810",162,100,-17.5
"811",163,1,87.5
"812",163,5,72.5
"813",163,20,72.5
"814",163,50,72.5
"815",163,100,-17.5
"816",164,1,7.5
"817",164,5,7.5
"818",164,20,87.5
"819",164,50,22.5
"820",164,100,-17.5
"821",165,1,87.5
"822",165,5,87.5
"823",165,20,57.5
"824",165,50,37.5
"825",165,100,17.5
"826",166,1,72.5
"827",166,5,2.5
"828",166,20,22.5
"829",166,50,22.5
"830",166,100,22.5
"831",167,1,42.5
"832",167,5,17.5
"833",167,20,-17.5
"834",167,50,-17.5
"835",167,100,-17.5
"836",168,1,72.5
"837",168,5,87.5
"838",168,20,-17.5
"839",168,50,-17.5
"840",168,100,-17.5
"841",169,1,87.5
"842",169,5,12.5
"843",169,20,2.5
"844",169,50,2.5
"845",169,100,2.5
"846",170,1,62.5
"847",170,5,82.5
"848",170,20,22.5
"849",170,50,-17.5
"850",170,100,-17.5
"851",171,1,67.5
"852",171,5,67.5
"853",171,20,2.5
"854",171,50,17.5
"855",171,100,2.5
"856",172,1,87.5
"857",172,5,77.5
"858",172,20,2.5
"859",172,50,2.5
"860",172,100,2.5
"861",173,1,67.5
"862",173,5,37.5
"863",173,20,2.5
"864",173,50,2.5
"865",173,100,17.5
"866",174,1,87.5
"867",174,5,87.5
"868",174,20,7.5
"869",174,50,2.5
"870",174,100,-17.5
"871",175,1,32.5
"872",175,5,7.5
"873",175,20,-2.5
"874",175,50,-2.5
"875",175,100,2.5
"876",176,1,72.5
"877",176,5,67.5
"878",176,20,2.5
"879",176,50,2.5
"880",176,100,2.5
"881",177,1,87.5
"882",177,5,17.5
"883",177,20,2.5
"884",177,50,2.5
"885",177,100,2.5
"886",178,1,62.5
"887",178,5,72.5
"888",178,20,87.5
"889",178,50,72.5
"890",178,100,62.5
"891",179,1,12.5
"892",179,5,2.5
"893",179,20,2.5
"894",179,50,2.5
"895",179,100,-17.5
"896",180,1,67.5
"897",180,5,17.5
"898",180,20,2.5
"899",180,50,2.5
"900",180,100,2.5
"901",181,1,87.5
"902",181,5,87.5
"903",181,20,87.5
"904",181,50,87.5
"905",181,100,-17.5
"906",182,1,87.5
"907",182,5,12.5
"908",182,20,37.5
"909",182,50,-17.5
"910",182,100,-17.5
"911",183,1,72.5
"912",183,5,17.5
"913",183,20,57.5
"914",183,50,2.5
"915",183,100,2.5
"916",184,1,82.5
"917",184,5,62.5
"918",184,20,67.5
"919",184,50,-17.5
"920",184,100,-17.5
"921",185,1,67.5
"922",185,5,87.5
"923",185,20,42.5
"924",185,50,-17.5
"925",185,100,-17.5
"926",186,1,87.5
"927",186,5,57.5
"928",186,20,-17.5
"929",186,50,-17.5
"930",186,100,-17.5
"931",187,1,62.5
"932",187,5,77.5
"933",187,20,82.5
"934",187,50,67.5
"935",187,100,-17.5
"936",188,1,72.5
"937",188,5,72.5
"938",188,20,67.5
"939",188,50,67.5
"940",188,100,87.5
"941",189,1,72.5
"942",189,5,47.5
"943",189,20,87.5
"944",189,50,32.5
"945",189,100,7.5
"946",190,1,67.5
"947",190,5,67.5
"948",190,20,67.5
"949",190,50,82.5
"950",190,100,-17.5
"951",191,1,87.5
"952",191,5,37.5
"953",191,20,2.5
"954",191,50,-17.5
"955",191,100,-17.5
"956",192,1,82.5
"957",192,5,67.5
"958",192,20,82.5
"959",192,50,87.5
"960",192,100,62.5
"961",193,1,67.5
"962",193,5,-17.5
"963",193,20,-17.5
"964",193,50,-17.5
"965",193,100,-17.5
"966",194,1,32.5
"967",194,5,37.5
"968",194,20,17.5
"969",194,50,2.5
"970",194,100,2.5
"971",195,1,87.5
"972",195,5,NA
"973",195,20,67.5
"974",195,50,-17.5
"975",195,100,-17.5
"976",196,1,87.5
"977",196,5,87.5
"978",196,20,27.5
"979",196,50,-17.5
"980",196,100,-17.5
"981",197,1,82.5
"982",197,5,82.5
"983",197,20,62.5
"984",197,50,42.5
"985",197,100,-17.5
"986",198,1,67.5
"987",198,5,27.5
"988",198,20,NA
"989",198,50,-7.5
"990",198,100,17.5
"991",199,1,67.5
"992",199,5,87.5
"993",199,20,87.5
"994",199,50,87.5
"995",199,100,87.5
"996",200,1,67.5
"997",200,5,67.5
"998",200,20,87.5
"999",200,50,87.5
"1000",200,100,87.5
"1001",201,1,67.5
"1002",201,5,32.5
"1003",201,20,2.5
"1004",201,50,2.5
"1005",201,100,17.5
"1006",202,1,67.5
"1007",202,5,87.5
"1008",202,20,87.5
"1009",202,50,87.5
"1010",202,100,87.5
"1011",203,1,87.5
"1012",203,5,87.5
"1013",203,20,87.5
"1014",203,50,87.5
"1015",203,100,-17.5
"1016",204,1,72.5
"1017",204,5,62.5
"1018",204,20,37.5
"1019",204,50,17.5
"1020",204,100,-17.5
"1021",205,1,67.5
"1022",205,5,42.5
"1023",205,20,2.5
"1024",205,50,37.5
"1025",205,100,2.5
"1026",206,1,62.5
"1027",206,5,37.5
"1028",206,20,17.5
"1029",206,50,2.5
"1030",206,100,2.5
"1031",207,1,67.5
"1032",207,5,27.5
"1033",207,20,37.5
"1034",207,50,22.5
"1035",207,100,17.5
"1036",208,1,72.5
"1037",208,5,72.5
"1038",208,20,2.5
"1039",208,50,22.5
"1040",208,100,2.5
"1041",209,1,77.5
"1042",209,5,77.5
"1043",209,20,37.5
"1044",209,50,77.5
"1045",209,100,22.5
"1046",210,1,67.5
"1047",210,5,-17.5
"1048",210,20,-17.5
"1049",210,50,-17.5
"1050",210,100,-17.5
"1051",211,1,72.5
"1052",211,5,37.5
"1053",211,20,77.5
"1054",211,50,-17.5
"1055",211,100,-17.5
"1056",212,1,72.5
"1057",212,5,87.5
"1058",212,20,-17.5
"1059",212,50,-17.5
"1060",212,100,-17.5
"1061",213,1,72.5
"1062",213,5,32.5
"1063",213,20,62.5
"1064",213,50,-2.5
"1065",213,100,42.5
"1066",214,1,67.5
"1067",214,5,NA
"1068",214,20,67.5
"1069",214,50,67.5
"1070",214,100,-17.5
"1071",215,1,87.5
"1072",215,5,12.5
"1073",215,20,2.5
"1074",215,50,7.5
"1075",215,100,17.5
"1076",216,1,87.5
"1077",216,5,87.5
"1078",216,20,-17.5
"1079",216,50,-17.5
"1080",216,100,-17.5
"1081",217,1,72.5
"1082",217,5,2.5
"1083",217,20,2.5
"1084",217,50,2.5
"1085",217,100,2.5
"1086",218,1,87.5
"1087",218,5,87.5
"1088",218,20,87.5
"1089",218,50,17.5
"1090",218,100,-17.5
"1091",219,1,82.5
"1092",219,5,82.5
"1093",219,20,32.5
"1094",219,50,37.5
"1095",219,100,-17.5
"1096",220,1,67.5
"1097",220,5,27.5
"1098",220,20,2.5
"1099",220,50,2.5
"1100",220,100,2.5
"1101",221,1,87.5
"1102",221,5,87.5
"1103",221,20,12.5
"1104",221,50,17.5
"1105",221,100,22.5
"1106",222,1,72.5
"1107",222,5,67.5
"1108",222,20,12.5
"1109",222,50,2.5
"1110",222,100,17.5
"1111",223,1,67.5
"1112",223,5,82.5
"1113",223,20,27.5
"1114",223,50,12.5
"1115",223,100,2.5
"1116",224,1,82.5
"1117",224,5,72.5
"1118",224,20,72.5
"1119",224,50,72.5
"1120",224,100,72.5
"1121",225,1,67.5
"1122",225,5,67.5
"1123",225,20,62.5
"1124",225,50,7.5
"1125",225,100,22.5
"1126",226,1,67.5
"1127",226,5,17.5
"1128",226,20,2.5
"1129",226,50,2.5
"1130",226,100,2.5
"1131",227,1,87.5
"1132",227,5,87.5
"1133",227,20,77.5
"1134",227,50,47.5
"1135",227,100,12.5
"1136",228,1,67.5
"1137",228,5,62.5
"1138",228,20,42.5
"1139",228,50,22.5
"1140",228,100,22.5
"1141",229,1,82.5
"1142",229,5,82.5
"1143",229,20,2.5
"1144",229,50,7.5
"1145",229,100,17.5
"1146",230,1,67.5
"1147",230,5,12.5
"1148",230,20,27.5
"1149",230,50,2.5
"1150",230,100,-17.5
"1151",231,1,7.5
"1152",231,5,37.5
"1153",231,20,2.5
"1154",231,50,-17.5
"1155",231,100,-17.5
"1156",232,1,72.5
"1157",232,5,72.5
"1158",232,20,22.5
"1159",232,50,2.5
"1160",232,100,2.5
"1161",233,1,87.5
"1162",233,5,87.5
"1163",233,20,17.5
"1164",233,50,-17.5
"1165",233,100,-17.5
"1166",234,1,87.5
"1167",234,5,87.5
"1168",234,20,62.5
"1169",234,50,62.5
"1170",234,100,37.5
"1171",235,1,72.5
"1172",235,5,87.5
"1173",235,20,42.5
"1174",235,50,47.5
"1175",235,100,37.5
"1176",236,1,87.5
"1177",236,5,72.5
"1178",236,20,82.5
"1179",236,50,-17.5
"1180",236,100,-17.5
"1181",237,1,67.5
"1182",237,5,67.5
"1183",237,20,67.5
"1184",237,50,67.5
"1185",237,100,7.5
"1186",238,1,87.5
"1187",238,5,87.5
"1188",238,20,12.5
"1189",238,50,-17.5
"1190",238,100,-17.5
"1191",239,1,52.5
"1192",239,5,82.5
"1193",239,20,42.5
"1194",239,50,7.5
"1195",239,100,7.5
"1196",240,1,67.5
"1197",240,5,87.5
"1198",240,20,87.5
"1199",240,50,22.5
"1200",240,100,22.5
"1201",241,1,87.5
"1202",241,5,87.5
"1203",241,20,87.5
"1204",241,50,87.5
"1205",241,100,-17.5
"1206",242,1,87.5
"1207",242,5,87.5
"1208",242,20,47.5
"1209",242,50,37.5
"1210",242,100,22.5
"1211",243,1,67.5
"1212",243,5,67.5
"1213",243,20,12.5
"1214",243,50,-17.5
"1215",243,100,-17.5
"1216",244,1,77.5
"1217",244,5,77.5
"1218",244,20,-17.5
"1219",244,50,-17.5
"1220",244,100,-17.5
"1221",245,1,72.5
"1222",245,5,52.5
"1223",245,20,62.5
"1224",245,50,77.5
"1225",245,100,17.5
"1226",246,1,82.5
"1227",246,5,82.5
"1228",246,20,77.5
"1229",246,50,-7.5
"1230",246,100,-17.5
"1231",247,1,67.5
"1232",247,5,17.5
"1233",247,20,2.5
"1234",247,50,17.5
"1235",247,100,2.5
"1236",248,1,82.5
"1237",248,5,82.5
"1238",248,20,37.5
"1239",248,50,37.5
"1240",248,100,-2.5
"1241",249,1,67.5
"1242",249,5,-17.5
"1243",249,20,-17.5
"1244",249,50,-17.5
"1245",249,100,-17.5
"1246",250,1,67.5
"1247",250,5,62.5
"1248",250,20,22.5
"1249",250,50,2.5
"1250",250,100,2.5
"1251",251,1,87.5
"1252",251,5,87.5
"1253",251,20,2.5
"1254",251,50,NA
"1255",251,100,2.5
"1256",252,1,87.5
"1257",252,5,22.5
"1258",252,20,22.5
"1259",252,50,22.5
"1260",252,100,22.5
"1261",253,1,67.5
"1262",253,5,67.5
"1263",253,20,22.5
"1264",253,50,22.5
"1265",253,100,17.5
"1266",254,1,67.5
"1267",254,5,7.5
"1268",254,20,17.5
"1269",254,50,17.5
"1270",254,100,17.5
"1271",255,1,42.5
"1272",255,5,42.5
"1273",255,20,12.5
"1274",255,50,22.5
"1275",255,100,2.5
"1276",256,1,67.5
"1277",256,5,2.5
"1278",256,20,2.5
"1279",256,50,2.5
"1280",256,100,-17.5
"1281",257,1,57.5
"1282",257,5,32.5
"1283",257,20,27.5
"1284",257,50,-17.5
"1285",257,100,-17.5
"1286",258,1,87.5
"1287",258,5,62.5
"1288",258,20,32.5
"1289",258,50,7.5
"1290",258,100,22.5
"1291",259,1,72.5
"1292",259,5,82.5
"1293",259,20,27.5
"1294",259,50,22.5
"1295",259,100,-7.5
"1296",260,1,67.5
"1297",260,5,NA
"1298",260,20,2.5
"1299",260,50,37.5
"1300",260,100,17.5
"1301",261,1,87.5
"1302",261,5,87.5
"1303",261,20,32.5
"1304",261,50,7.5
"1305",261,100,7.5
"1306",262,1,67.5
"1307",262,5,37.5
"1308",262,20,17.5
"1309",262,50,17.5
"1310",262,100,-17.5
"1311",263,1,87.5
"1312",263,5,-12.5
"1313",263,20,87.5
"1314",263,50,87.5
"1315",263,100,-17.5
"1316",264,1,67.5
"1317",264,5,67.5
"1318",264,20,67.5
"1319",264,50,2.5
"1320",264,100,2.5
"1321",265,1,67.5
"1322",265,5,17.5
"1323",265,20,17.5
"1324",265,50,22.5
"1325",265,100,22.5
"1326",266,1,82.5
"1327",266,5,37.5
"1328",266,20,22.5
"1329",266,50,NA
"1330",266,100,2.5
"1331",267,1,32.5
"1332",267,5,22.5
"1333",267,20,22.5
"1334",267,50,17.5
"1335",267,100,22.5
"1336",268,1,82.5
"1337",268,5,82.5
"1338",268,20,37.5
"1339",268,50,17.5
"1340",268,100,2.5
"1341",269,1,87.5
"1342",269,5,27.5
"1343",269,20,7.5
"1344",269,50,22.5
"1345",269,100,7.5
"1346",270,1,87.5
"1347",270,5,37.5
"1348",270,20,17.5
"1349",270,50,2.5
"1350",270,100,2.5
"1351",271,1,82.5
"1352",271,5,67.5
"1353",271,20,22.5
"1354",271,50,2.5
"1355",271,100,2.5
"1356",272,1,67.5
"1357",272,5,67.5
"1358",272,20,57.5
"1359",272,50,2.5
"1360",272,100,17.5
"1361",273,1,12.5
"1362",273,5,12.5
"1363",273,20,2.5
"1364",273,50,2.5
"1365",273,100,2.5
"1366",274,1,87.5
"1367",274,5,87.5
"1368",274,20,87.5
"1369",274,50,2.5
"1370",274,100,22.5
"1371",275,1,87.5
"1372",275,5,87.5
"1373",275,20,-17.5
"1374",275,50,-17.5
"1375",275,100,-17.5
"1376",276,1,67.5
"1377",276,5,67.5
"1378",276,20,67.5
"1379",276,50,22.5
"1380",276,100,37.5
"1381",277,1,87.5
"1382",277,5,NA
"1383",277,20,87.5
"1384",277,50,-17.5
"1385",277,100,-17.5
"1386",278,1,32.5
"1387",278,5,27.5
"1388",278,20,42.5
"1389",278,50,12.5
"1390",278,100,-2.5
"1391",279,1,32.5
"1392",279,5,17.5
"1393",279,20,22.5
"1394",279,50,2.5
"1395",279,100,2.5
"1396",280,1,82.5
"1397",280,5,67.5
"1398",280,20,82.5
"1399",280,50,67.5
"1400",280,100,-17.5
"1401",281,1,87.5
"1402",281,5,87.5
"1403",281,20,82.5
"1404",281,50,32.5
"1405",281,100,12.5
"1406",282,1,67.5
"1407",282,5,42.5
"1408",282,20,17.5
"1409",282,50,2.5
"1410",282,100,2.5
"1411",283,1,87.5
"1412",283,5,87.5
"1413",283,20,87.5
"1414",283,50,87.5
"1415",283,100,-17.5
"1416",284,1,67.5
"1417",284,5,62.5
"1418",284,20,12.5
"1419",284,50,22.5
"1420",284,100,22.5
"1421",285,1,87.5
"1422",285,5,87.5
"1423",285,20,82.5
"1424",285,50,-17.5
"1425",285,100,-17.5
"1426",286,1,67.5
"1427",286,5,67.5
"1428",286,20,57.5
"1429",286,50,2.5
"1430",286,100,17.5
"1431",287,1,87.5
"1432",287,5,37.5
"1433",287,20,52.5
"1434",287,50,12.5
"1435",287,100,2.5
"1436",288,1,67.5
"1437",288,5,22.5
"1438",288,20,22.5
"1439",288,50,17.5
"1440",288,100,2.5
"1441",289,1,67.5
"1442",289,5,2.5
"1443",289,20,2.5
"1444",289,50,2.5
"1445",289,100,2.5
"1446",290,1,67.5
"1447",290,5,42.5
"1448",290,20,42.5
"1449",290,50,17.5
"1450",290,100,17.5
"1451",291,1,27.5
"1452",291,5,27.5
"1453",291,20,12.5
"1454",291,50,2.5
"1455",291,100,2.5
"1456",292,1,67.5
"1457",292,5,37.5
"1458",292,20,12.5
"1459",292,50,2.5
"1460",292,100,-17.5
"1461",293,1,87.5
"1462",293,5,-17.5
"1463",293,20,-17.5
"1464",293,50,-17.5
"1465",293,100,-17.5
"1466",294,1,67.5
"1467",294,5,67.5
"1468",294,20,32.5
"1469",294,50,42.5
"1470",294,100,37.5
"1471",295,1,87.5
"1472",295,5,87.5
"1473",295,20,87.5
"1474",295,50,-17.5
"1475",295,100,-17.5
"1476",296,1,87.5
"1477",296,5,52.5
"1478",296,20,32.5
"1479",296,50,22.5
"1480",296,100,17.5
"1481",297,1,72.5
"1482",297,5,62.5
"1483",297,20,22.5
"1484",297,50,22.5
"1485",297,100,17.5
"1486",298,1,72.5
"1487",298,5,87.5
"1488",298,20,52.5
"1489",298,50,2.5
"1490",298,100,-17.5
"1491",299,1,72.5
"1492",299,5,82.5
"1493",299,20,57.5
"1494",299,50,12.5
"1495",299,100,-17.5
"1496",300,1,82.5
"1497",300,5,2.5
"1498",300,20,2.5
"1499",300,50,2.5
"1500",300,100,2.5
"1501",301,1,82.5
"1502",301,5,77.5
"1503",301,20,37.5
"1504",301,50,17.5
"1505",301,100,2.5
"1506",302,1,67.5
"1507",302,5,87.5
"1508",302,20,17.5
"1509",302,50,17.5
"1510",302,100,-17.5
"1511",303,1,87.5
"1512",303,5,87.5
"1513",303,20,87.5
"1514",303,50,22.5
"1515",303,100,-17.5
"1516",304,1,67.5
"1517",304,5,2.5
"1518",304,20,2.5
"1519",304,50,2.5
"1520",304,100,2.5
"1521",305,1,67.5
"1522",305,5,67.5
"1523",305,20,67.5
"1524",305,50,52.5
"1525",305,100,52.5
"1526",306,1,82.5
"1527",306,5,27.5
"1528",306,20,12.5
"1529",306,50,37.5
"1530",306,100,17.5
"1531",307,1,82.5
"1532",307,5,82.5
"1533",307,20,72.5
"1534",307,50,-17.5
"1535",307,100,-17.5
"1536",308,1,67.5
"1537",308,5,67.5
"1538",308,20,67.5
"1539",308,50,87.5
"1540",308,100,2.5
"1541",309,1,72.5
"1542",309,5,87.5
"1543",309,20,87.5
"1544",309,50,22.5
"1545",309,100,17.5
"1546",310,1,67.5
"1547",310,5,52.5
"1548",310,20,37.5
"1549",310,50,2.5
"1550",310,100,2.5
"1551",311,1,87.5
"1552",311,5,-17.5
"1553",311,20,-17.5
"1554",311,50,-17.5
"1555",311,100,-17.5
"1556",312,1,67.5
"1557",312,5,87.5
"1558",312,20,2.5
"1559",312,50,2.5
"1560",312,100,2.5
"1561",313,1,67.5
"1562",313,5,27.5
"1563",313,20,12.5
"1564",313,50,22.5
"1565",313,100,-17.5
"1566",314,1,77.5
"1567",314,5,-2.5
"1568",314,20,77.5
"1569",314,50,-2.5
"1570",314,100,-2.5
"1571",315,1,77.5
"1572",315,5,67.5
"1573",315,20,62.5
"1574",315,50,22.5
"1575",315,100,2.5
"1576",316,1,87.5
"1577",316,5,87.5
"1578",316,20,87.5
"1579",316,50,87.5
"1580",316,100,-12.5
"1581",317,1,67.5
"1582",317,5,67.5
"1583",317,20,-17.5
"1584",317,50,-17.5
"1585",317,100,-17.5
"1586",318,1,67.5
"1587",318,5,67.5
"1588",318,20,47.5
"1589",318,50,22.5
"1590",318,100,17.5
"1591",319,1,67.5
"1592",319,5,87.5
"1593",319,20,-7.5
"1594",319,50,2.5
"1595",319,100,-2.5
"1596",320,1,87.5
"1597",320,5,57.5
"1598",320,20,2.5
"1599",320,50,2.5
"1600",320,100,-17.5
"1601",321,1,67.5
"1602",321,5,67.5
"1603",321,20,67.5
"1604",321,50,87.5
"1605",321,100,67.5
"1606",322,1,67.5
"1607",322,5,67.5
"1608",322,20,-17.5
"1609",322,50,-17.5
"1610",322,100,-17.5
"1611",323,1,87.5
"1612",323,5,72.5
"1613",323,20,-17.5
"1614",323,50,-17.5
"1615",323,100,-17.5
"1616",324,1,87.5
"1617",324,5,87.5
"1618",324,20,87.5
"1619",324,50,12.5
"1620",324,100,17.5
"1621",325,1,87.5
"1622",325,5,87.5
"1623",325,20,82.5
"1624",325,50,2.5
"1625",325,100,-17.5
"1626",326,1,72.5
"1627",326,5,87.5
"1628",326,20,27.5
"1629",326,50,12.5
"1630",326,100,17.5
"1631",327,1,67.5
"1632",327,5,67.5
"1633",327,20,67.5
"1634",327,50,7.5
"1635",327,100,-17.5
"1636",328,1,67.5
"1637",328,5,2.5
"1638",328,20,87.5
"1639",328,50,2.5
"1640",328,100,-17.5
"1641",329,1,67.5
"1642",329,5,32.5
"1643",329,20,67.5
"1644",329,50,32.5
"1645",329,100,22.5
"1646",330,1,47.5
"1647",330,5,82.5
"1648",330,20,52.5
"1649",330,50,37.5
"1650",330,100,7.5
"1651",331,1,12.5
"1652",331,5,22.5
"1653",331,20,17.5
"1654",331,50,2.5
"1655",331,100,2.5
"1656",332,1,67.5
"1657",332,5,67.5
"1658",332,20,42.5
"1659",332,50,22.5
"1660",332,100,2.5
"1661",333,1,82.5
"1662",333,5,37.5
"1663",333,20,57.5
"1664",333,50,12.5
"1665",333,100,-17.5
"1666",334,1,67.5
"1667",334,5,67.5
"1668",334,20,2.5
"1669",334,50,2.5
"1670",334,100,-17.5
"1671",335,1,82.5
"1672",335,5,82.5
"1673",335,20,82.5
"1674",335,50,82.5
"1675",335,100,2.5
"1676",336,1,82.5
"1677",336,5,82.5
"1678",336,20,32.5
"1679",336,50,27.5
"1680",336,100,2.5
"1681",337,1,67.5
"1682",337,5,72.5
"1683",337,20,67.5
"1684",337,50,82.5
"1685",337,100,2.5
"1686",338,1,67.5
"1687",338,5,37.5
"1688",338,20,22.5
"1689",338,50,22.5
"1690",338,100,22.5
"1691",339,1,72.5
"1692",339,5,12.5
"1693",339,20,12.5
"1694",339,50,7.5
"1695",339,100,-17.5
"1696",340,1,67.5
"1697",340,5,82.5
"1698",340,20,12.5
"1699",340,50,2.5
"1700",340,100,17.5
"1701",341,1,87.5
"1702",341,5,62.5
"1703",341,20,NA
"1704",341,50,37.5
"1705",341,100,-17.5
"1706",342,1,67.5
"1707",342,5,22.5
"1708",342,20,17.5
"1709",342,50,22.5
"1710",342,100,2.5
"1711",343,1,82.5
"1712",343,5,22.5
"1713",343,20,17.5
"1714",343,50,17.5
"1715",343,100,2.5
"1716",344,1,87.5
"1717",344,5,22.5
"1718",344,20,82.5
"1719",344,50,12.5
"1720",344,100,22.5
"1721",345,1,67.5
"1722",345,5,32.5
"1723",345,20,87.5
"1724",345,50,22.5
"1725",345,100,-17.5
"1726",346,1,87.5
"1727",346,5,87.5
"1728",346,20,-17.5
"1729",346,50,-17.5
"1730",346,100,17.5
"1731",347,1,72.5
"1732",347,5,87.5
"1733",347,20,7.5
"1734",347,50,2.5
"1735",347,100,2.5
"1736",348,1,67.5
"1737",348,5,12.5
"1738",348,20,22.5
"1739",348,50,17.5
"1740",348,100,22.5
"1741",349,1,67.5
"1742",349,5,22.5
"1743",349,20,22.5
"1744",349,50,17.5
"1745",349,100,2.5
"1746",350,1,67.5
"1747",350,5,22.5
"1748",350,20,17.5
"1749",350,50,17.5
"1750",350,100,2.5
"1751",351,1,67.5
"1752",351,5,62.5
"1753",351,20,7.5
"1754",351,50,17.5
"1755",351,100,-2.5
"1756",352,1,67.5
"1757",352,5,67.5
"1758",352,20,-17.5
"1759",352,50,-17.5
"1760",352,100,2.5
"1761",353,1,82.5
"1762",353,5,67.5
"1763",353,20,82.5
"1764",353,50,32.5
"1765",353,100,42.5
"1766",354,1,87.5
"1767",354,5,82.5
"1768",354,20,22.5
"1769",354,50,2.5
"1770",354,100,2.5
"1771",355,1,87.5
"1772",355,5,2.5
"1773",355,20,-17.5
"1774",355,50,-17.5
"1775",355,100,-17.5
"1776",356,1,67.5
"1777",356,5,67.5
"1778",356,20,67.5
"1779",356,50,2.5
"1780",356,100,2.5
"1781",357,1,87.5
"1782",357,5,87.5
"1783",357,20,87.5
"1784",357,50,87.5
"1785",357,100,22.5
"1786",358,1,87.5
"1787",358,5,87.5
"1788",358,20,87.5
"1789",358,50,2.5
"1790",358,100,12.5
"1791",359,1,67.5
"1792",359,5,67.5
"1793",359,20,2.5
"1794",359,50,-2.5
"1795",359,100,2.5
"1796",360,1,12.5
"1797",360,5,7.5
"1798",360,20,27.5
"1799",360,50,27.5
"1800",360,100,42.5
"1801",361,1,77.5
"1802",361,5,77.5
"1803",361,20,87.5
"1804",361,50,87.5
"1805",361,100,42.5
"1806",362,1,52.5
"1807",362,5,17.5
"1808",362,20,NA
"1809",362,50,2.5
"1810",362,100,2.5
"1811",363,1,87.5
"1812",363,5,87.5
"1813",363,20,87.5
"1814",363,50,87.5
"1815",363,100,-17.5
"1816",364,1,82.5
"1817",364,5,57.5
"1818",364,20,57.5
"1819",364,50,42.5
"1820",364,100,22.5
"1821",365,1,57.5
"1822",365,5,57.5
"1823",365,20,57.5
"1824",365,50,27.5
"1825",365,100,7.5
"1826",366,1,27.5
"1827",366,5,67.5
"1828",366,20,2.5
"1829",366,50,2.5
"1830",366,100,2.5
"1831",367,1,87.5
"1832",367,5,87.5
"1833",367,20,87.5
"1834",367,50,-17.5
"1835",367,100,-17.5
"1836",368,1,87.5
"1837",368,5,42.5
"1838",368,20,-17.5
"1839",368,50,-17.5
"1840",368,100,-17.5
"1841",369,1,67.5
"1842",369,5,67.5
"1843",369,20,67.5
"1844",369,50,67.5
"1845",369,100,-17.5
"1846",370,1,87.5
"1847",370,5,87.5
"1848",370,20,87.5
"1849",370,50,7.5
"1850",370,100,2.5
"1851",371,1,67.5
"1852",371,5,22.5
"1853",371,20,12.5
"1854",371,50,12.5
"1855",371,100,22.5
"1856",372,1,67.5
"1857",372,5,67.5
"1858",372,20,87.5
"1859",372,50,2.5
"1860",372,100,-17.5
"1861",373,1,87.5
"1862",373,5,87.5
"1863",373,20,62.5
"1864",373,50,-17.5
"1865",373,100,-17.5
"1866",374,1,72.5
"1867",374,5,82.5
"1868",374,20,12.5
"1869",374,50,2.5
"1870",374,100,2.5
"1871",375,1,67.5
"1872",375,5,2.5
"1873",375,20,67.5
"1874",375,50,2.5
"1875",375,100,-17.5
"1876",376,1,67.5
"1877",376,5,87.5
"1878",376,20,37.5
"1879",376,50,2.5
"1880",376,100,-17.5
"1881",377,1,82.5
"1882",377,5,17.5
"1883",377,20,2.5
"1884",377,50,2.5
"1885",377,100,2.5
"1886",378,1,47.5
"1887",378,5,42.5
"1888",378,20,22.5
"1889",378,50,37.5
"1890",378,100,2.5
"1891",379,1,87.5
"1892",379,5,87.5
"1893",379,20,37.5
"1894",379,50,-17.5
"1895",379,100,-17.5
"1896",380,1,87.5
"1897",380,5,87.5
"1898",380,20,-17.5
"1899",380,50,-17.5
"1900",380,100,-17.5
"1901",381,1,67.5
"1902",381,5,67.5
"1903",381,20,12.5
"1904",381,50,37.5
"1905",381,100,-17.5
"1906",382,1,82.5
"1907",382,5,32.5
"1908",382,20,82.5
"1909",382,50,77.5
"1910",382,100,82.5
"1911",383,1,87.5
"1912",383,5,87.5
"1913",383,20,87.5
"1914",383,50,87.5
"1915",383,100,57.5
"1916",384,1,87.5
"1917",384,5,87.5
"1918",384,20,87.5
"1919",384,50,47.5
"1920",384,100,2.5
"1921",385,1,87.5
"1922",385,5,87.5
"1923",385,20,87.5
"1924",385,50,-17.5
"1925",385,100,-17.5
"1926",386,1,52.5
"1927",386,5,77.5
"1928",386,20,NA
"1929",386,50,17.5
"1930",386,100,-17.5
"1931",387,1,67.5
"1932",387,5,67.5
"1933",387,20,77.5
"1934",387,50,32.5
"1935",387,100,12.5
"1936",388,1,32.5
"1937",388,5,-17.5
"1938",388,20,-17.5
"1939",388,50,-17.5
"1940",388,100,-17.5
"1941",389,1,67.5
"1942",389,5,67.5
"1943",389,20,22.5
"1944",389,50,67.5
"1945",389,100,2.5
"1946",390,1,87.5
"1947",390,5,87.5
"1948",390,20,72.5
"1949",390,50,17.5
"1950",390,100,2.5
"1951",391,1,67.5
"1952",391,5,67.5
"1953",391,20,17.5
"1954",391,50,2.5
"1955",391,100,2.5
"1956",392,1,67.5
"1957",392,5,32.5
"1958",392,20,22.5
"1959",392,50,2.5
"1960",392,100,2.5
"1961",393,1,NA
"1962",393,5,62.5
"1963",393,20,37.5
"1964",393,50,-7.5
"1965",393,100,2.5
"1966",394,1,87.5
"1967",394,5,87.5
"1968",394,20,7.5
"1969",394,50,22.5
"1970",394,100,-17.5
"1971",395,1,82.5
"1972",395,5,77.5
"1973",395,20,62.5
"1974",395,50,-17.5
"1975",395,100,-17.5
"1976",396,1,67.5
"1977",396,5,42.5
"1978",396,20,7.5
"1979",396,50,22.5
"1980",396,100,22.5
"1981",397,1,87.5
"1982",397,5,87.5
"1983",397,20,87.5
"1984",397,50,2.5
"1985",397,100,2.5
"1986",398,1,77.5
"1987",398,5,67.5
"1988",398,20,37.5
"1989",398,50,17.5
"1990",398,100,17.5
"1991",399,1,87.5
"1992",399,5,87.5
"1993",399,20,52.5
"1994",399,50,-17.5
"1995",399,100,-17.5
"1996",400,1,67.5
"1997",400,5,57.5
"1998",400,20,12.5
"1999",400,50,NA
"2000",400,100,37.5
"2001",401,1,67.5
"2002",401,5,67.5
"2003",401,20,67.5
"2004",401,50,42.5
"2005",401,100,-17.5
"2006",402,1,67.5
"2007",402,5,77.5
"2008",402,20,12.5
"2009",402,50,12.5
"2010",402,100,12.5
"2011",403,1,87.5
"2012",403,5,17.5
"2013",403,20,-17.5
"2014",403,50,-17.5
"2015",403,100,-17.5
"2016",404,1,82.5
"2017",404,5,27.5
"2018",404,20,57.5
"2019",404,50,62.5
"2020",404,100,2.5
"2021",405,1,67.5
"2022",405,5,37.5
"2023",405,20,22.5
"2024",405,50,2.5
"2025",405,100,17.5
"2026",406,1,67.5
"2027",406,5,67.5
"2028",406,20,32.5
"2029",406,50,22.5
"2030",406,100,42.5
"2031",407,1,87.5
"2032",407,5,87.5
"2033",407,20,87.5
"2034",407,50,87.5
"2035",407,100,17.5
"2036",408,1,57.5
"2037",408,5,32.5
"2038",408,20,22.5
"2039",408,50,17.5
"2040",408,100,2.5
"2041",409,1,87.5
"2042",409,5,-17.5
"2043",409,20,-17.5
"2044",409,50,87.5
"2045",409,100,-17.5
"2046",410,1,12.5
"2047",410,5,87.5
"2048",410,20,87.5
"2049",410,50,87.5
"2050",410,100,-17.5
"2051",411,1,82.5
"2052",411,5,82.5
"2053",411,20,2.5
"2054",411,50,22.5
"2055",411,100,2.5
"2056",412,1,27.5
"2057",412,5,12.5
"2058",412,20,2.5
"2059",412,50,2.5
"2060",412,100,2.5
"2061",413,1,82.5
"2062",413,5,47.5
"2063",413,20,22.5
"2064",413,50,17.5
"2065",413,100,-17.5
"2066",414,1,82.5
"2067",414,5,22.5
"2068",414,20,42.5
"2069",414,50,37.5
"2070",414,100,17.5
"2071",415,1,87.5
"2072",415,5,52.5
"2073",415,20,-17.5
"2074",415,50,-17.5
"2075",415,100,-17.5
"2076",416,1,82.5
"2077",416,5,67.5
"2078",416,20,37.5
"2079",416,50,2.5
"2080",416,100,2.5
"2081",417,1,87.5
"2082",417,5,87.5
"2083",417,20,87.5
"2084",417,50,87.5
"2085",417,100,57.5
"2086",418,1,67.5
"2087",418,5,67.5
"2088",418,20,67.5
"2089",418,50,17.5
"2090",418,100,2.5
"2091",419,1,67.5
"2092",419,5,12.5
"2093",419,20,-17.5
"2094",419,50,-17.5
"2095",419,100,-17.5
"2096",420,1,72.5
"2097",420,5,87.5
"2098",420,20,87.5
"2099",420,50,87.5
"2100",420,100,2.5
"2101",421,1,67.5
"2102",421,5,67.5
"2103",421,20,2.5
"2104",421,50,2.5
"2105",421,100,2.5
"2106",422,1,72.5
"2107",422,5,62.5
"2108",422,20,32.5
"2109",422,50,12.5
"2110",422,100,17.5
"2111",423,1,82.5
"2112",423,5,77.5
"2113",423,20,77.5
"2114",423,50,77.5
"2115",423,100,37.5
"2116",424,1,67.5
"2117",424,5,67.5
"2118",424,20,67.5
"2119",424,50,27.5
"2120",424,100,37.5
